id,name,model_id:id,group_id:id,perm_read,perm_write,perm_create,perm_unlink


id_pmis_projects,name_pmis_projects,egp_procurement.model_pmis_project,base.group_user,1,1,1,1
id_pmis_directorates,name_pmis_directorates,egp_procurement.model_pmis_directorates,base.group_user,1,1,1,1
id_pmis_documents,name_pmis_documents,egp_procurement.model_pmis_documents,base.group_user,1,1,1,1
id_pmis_products,name_pmis_products,egp_procurement.model_pmis_products,base.group_user,1,1,1,1
id_pmis_document_type,name_pmis_document_type,egp_procurement.model_pmis_document_type,base.group_user,1,1,1,1
id_pmis_plan_template,name_pmis_plan_template,egp_procurement.model_pmis_plan_template,base.group_user,1,1,1,1
id_pmis_project_plan,name_pmis_project_plan,egp_procurement.model_pmis_project_plan,base.group_user,1,1,1,1
id_pmis_plan_tadel,name_pmis_plan_tadel,egp_procurement.model_pmis_plan_tadel,base.group_user,1,1,1,1
id_pmis.project.donor,name_pmis_project_donor,egp_procurement.model_pmis_project_donor,base.group_user,1,1,1,1
id_pmis.project.donor,name_pmis_project_donor,egp_procurement.model_pmis_project_donor,base.group_user,1,1,1,1
id_pmis.conultative.hiring,name_pmis_conultative_hiring,egp_procurement.model_pmis_conultative_hiring,base.group_user,1,1,1,1
id_pmis.construction.services,name_pmis_construction_services,egp_procurement.model_pmis_construction_services,base.group_user,1,1,1,1
id_pmis.construction.section,name_pmis_construction_section,egp_procurement.model_pmis_construction_section,base.group_user,1,1,1,1
id_pmis_vendors,name_pmis_vendors,egp_procurement.model_pmis_vendors,base.group_user,1,1,1,1
id_pmis_vendor_experience,name_pmis_vendor_experience,egp_procurement.model_pmis_vendor_experience,base.group_user,1,1,1,1
id__pmis_vendor_assets,name_pmis_vendor_assets,egp_procurement.model_pmis_vendor_assets,base.group_user,1,1,1,1
id_pmis_vendor_agent,name_pmis_vendor_agent,egp_procurement.model_pmis_vendor_agent,base.group_user,1,1,1,1
id_pmis_vendor_transactions,name_pmis_vendor_transactions,egp_procurement.model_pmis_vendor_transactions,base.group_user,1,1,1,1
id_pmis_country,name_pmis_country,egp_procurement.model_pmis_country,base.group_user,1,1,1,1
id_pmis_purchase_project,name_pmis_purchase_project,egp_procurement.model_pmis_purchase_project,base.group_user,1,1,1,1
id_pmis_products_description,name_pmis_products_description,egp_procurement.model_pmis_products_description,base.group_user,1,1,1,1
id_pmis_bank,name_pmis_bank,egp_procurement.model_pmis_bank,base.group_user,1,1,1,1
egp_procurement.access_product_price,access_pmis_product_price,egp_procurement.model_pmis_products_price,base.group_user,1,1,1,1
egp_procurement.access_pmis_purchase_quotation,access_pmis_purchase_quotation,egp_procurement.model_pmis_purchase_quotation,base.group_user,1,1,1,1
egp_procurement.access_pmis_quotation,access_pmis_quotation,egp_procurement.model_pmis_quotation,base.group_user,1,1,1,1
egp_procurement.access_pmis_cash_reception,access_pmis_cash_reception,egp_procurement.model_pmis_cash_reception,base.group_user,1,1,1,1
egp_procurement.access_pmis_purchase_kharidari,access_pmis_purchase_kharidari,egp_procurement.model_pmis_purchase_kharidari,base.group_user,1,1,1,1
egp_procurement.access_pmis_products_tashrih,access_pmis_products_tashrih,egp_procurement.model_pmis_products_tashrih,base.group_user,1,1,1,1
egp_procurement.access_pmis_cash_refund,access_pmis_cash_refund,egp_procurement.model_pmis_cash_refund,base.group_user,1,1,1,1
egp_procurement.access_pmis_cash_pdf_report,access_pmis_cash_pdf_report,egp_procurement.model_pmis_cash_pdf_report,base.group_user,1,1,1,1
egp_procurement.access_pmis_vendors_block,access_pmis_vendors_block,egp_procurement.model_pmis_vendors_block,base.group_user,1,1,1,1
egp_procurement.access_pmis_vendor_pdf_report,access_pmis_vendor_pdf_report,egp_procurement.model_pmis_vendor_pdf_report,base.group_user,1,1,1,1
egp_procurement.pmis_purchase_pdf_report,access_pmis_purchase_pdf_report,egp_procurement.model_pmis_purchase_pdf_report,base.group_user,1,1,1,1
egp_procurement.pmis_plan_pdf_report,access_pmis_plan_pdf_report,egp_procurement.model_pmis_plan_pdf_report,base.group_user,1,1,1,1
egp_procurement.pmis_project_pdf_report,access_pmis_project_pdf_report,egp_procurement.model_pmis_project_pdf_report,base.group_user,1,1,1,1
egp_procurement.access_pmis_offer_submission,access_pmis_offer_submission,egp_procurement.model_pmis_offer_submission,base.group_user,1,1,1,1
egp_procurement.access_pmis_offer_submission_project,access_pmis_offer_submission_project,egp_procurement.model_pmis_offer_submission_project,base.group_user,1,1,1,1
egp_procurement.access_pmis_offerghoshai,access_pmis_offerghoshai,egp_procurement.model_pmis_offerghoshai,base.group_user,1,1,1,1
egp_procurement.access_basic_evaluation,access_basic_evaluation,egp_procurement.model_basic_evaluation,base.group_user,1,1,1,1
egp_procurement.access_basic_evaluation_checkbox,access_basic_evaluation_checkbox,egp_procurement.model_basic_evaluation_checkbox,base.group_user,1,1,1,1
egp_procurement.access_guaranteefor_bank,access_guaranteefor_bank,egp_procurement.model_guaranteefor_bank,base.group_user,1,1,1,1
egp_procurement.access_pmis_services_price,access_pmis_services_price,egp_procurement.model_pmis_services_price,base.group_user,1,1,1,1
egp_procurement.access_pmis_offers_details,access_pmis_offers_details,egp_procurement.model_pmis_offers_details,base.group_user,1,1,1,1
egp_procurement.access_pmis_offersubmission,access_pmis_offersubmission,egp_procurement.model_pmis_offersubmission,base.group_user,1,1,1,1
egp_procurement.access_implied_services,access_implied_services,egp_procurement.model_implied_services,base.group_user,1,1,1,1
egp_procurement.access_production_permit,access_production_permit,egp_procurement.model_production_permit,base.group_user,1,1,1,1
egp_procurement.access_pmis_production_company,access_pmis_production_company,egp_procurement.model_pmis_production_company,base.group_user,1,1,1,1
egp_procurement.access_pmis_offers_evaluation,access_pmis_offers_evaluation,egp_procurement.model_pmis_offers_evaluation,base.group_user,1,1,1,1
egp_procurement.access_pmis_offer,access_pmis_offer,egp_procurement.model_pmis_offer,base.group_user,1,1,1,1
egp_procurement.access_exchange_currency_rate,access_exchange_currency_rate,egp_procurement.model_exchange_currency_rate,base.group_user,1,1,1,1
egp_procurement.access_internal_preference,access_internal_preference,egp_procurement.model_internal_preference,base.group_user,1,1,1,1
egp_procurement.access_standard_form_financial_evaluation,access_standard_form_financial_evaluation,egp_procurement.model_standard_form_financial_evaluation,base.group_user,1,1,1,1
egp_procurement.access_technical_evaluation_standard_form,access_technical_evaluation_standard_form,egp_procurement.model_technical_evaluation_standard_form,base.group_user,1,1,1,1
egp_procurement.access_bidding_winner,access_bidding_winner,egp_procurement.model_bidding_winner,base.group_user,1,1,1,1
egp_procurement.access_pmis_offeracceptance,access_pmis_offeracceptance,egp_procurement.model_pmis_offeracceptance,base.group_user,1,1,1,1
egp_procurement.access_pmis_contractagreement,access_pmis_contractagreement,egp_procurement.model_pmis_contractagreement,base.group_user,1,1,1,1
egp_procurement.access_pmis_contract_management,access_pmis_contract_management,egp_procurement.model_pmis_contract_management,base.group_user,1,1,1,1
egp_procurement.access_pmis_delivery_description,access_pmis_delivery_description,egp_procurement.model_pmis_delivery_description,base.group_user,1,1,1,1
egp_procurement.access_delivery_product,access_delivery_product,egp_procurement.model_delivery_product,base.group_user,1,1,1,1
egp_procurement.access_pmis_services_delivery,access_pmis_services_delivery,egp_procurement.model_pmis_services_delivery,base.group_user,1,1,1,1
egp_procurement.access_pmis_invoice,access_pmis_invoice,egp_procurement.model_pmis_invoice,base.group_user,1,1,1,1
egp_procurement.access_pmis_m_seven,access_pmis_m_seven,egp_procurement.model_pmis_m_seven,base.group_user,1,1,1,1
egp_procurement.access_pmis_payment,access_pmis_payment,egp_procurement.model_pmis_payment,base.group_user,1,1,1,1
egp_procurement.access_pmis_project_payment,access_pmis_project_payment,egp_procurement.model_pmis_project_payment,base.group_user,1,1,1,1
egp_procurement.access_pmis_first_shortlist,access_pmis_first_shortlist,egp_procurement.model_pmis_first_shortlist,base.group_user,1,1,1,1
egp_procurement.access_pmis_first_shortlist_application,access_pmis_first_shortlist_application,egp_procurement.model_pmis_first_shortlist_application,base.group_user,1,1,1,1
egp_procurement.access_pmis_winner_selection,access_pmis_winner_selection,egp_procurement.model_pmis_winner_selection,base.group_user,1,1,1,1
egp_procurement.access_pmis_job_announcement,access_pmis_job_announcement,egp_procurement.model_pmis_job_announcement,base.group_user,1,1,1,1
egp_procurement.access_pmis_job_application,access_pmis_job_application,egp_procurement.model_pmis_job_application,base.group_user,1,1,1,1
egp_procurement.access_pmis_consult_evaluation_project,access_pmis_consult_evaluation_project,egp_procurement.model_pmis_consult_evaluation_project,base.group_user,1,1,1,1
egp_procurement.access_pmis_candidate_proposal,access_pmis_candidate_proposal,egp_procurement.model_pmis_candidate_proposal,base.group_user,1,1,1,1
egp_procurement.access_pmis_candidate_application,access_pmis_candidate_application,egp_procurement.model_pmis_candidate_application,base.group_user,1,1,1,1
egp_procurement.access_pmis_announcement_test,access_pmis_announcement_test,egp_procurement.model_pmis_announcement_test,base.group_user,1,1,1,1
egp_procurement.access_pmis_consultative_offerghoshai,access_pmis_consultative_offerghoshai,egp_procurement.model_pmis_consultative_offerghoshai,base.group_user,1,1,1,1
egp_procurement.access_pmis_consultative_basic_evaluation,access_pmis_consultative_basic_evaluation,egp_procurement.model_pmis_consultative_basic_evaluation,base.group_user,1,1,1,1
egp_procurement.access_pmis_consultative_offerghoshai_project,access_pmis_consultative_offerghoshai_project,egp_procurement.model_pmis_consultative_offerghoshai_project,base.group_user,1,1,1,1
egp_procurement.access_pmis_winners_candidates_project,access_pmis_winners_candidates_project,egp_procurement.model_pmis_winners_candidates_project,base.group_user,1,1,1,1
egp_procurement.access_pmis_winner_candidates,access_pmis_winner_candidates,egp_procurement.model_pmis_winner_candidates,base.group_user,1,1,1,1
egp_procurement.access_pmis_consult_evaluation,access_pmis_consult_evaluation,egp_procurement.model_pmis_consult_evaluation,base.group_user,1,1,1,1
egp_procurement.access_pmis_consult_financial_evaluation,access_pmis_consult_financial_evaluation,egp_procurement.model_pmis_consult_financial_evaluation,base.group_user,1,1,1,1
egp_procurement.access_pmis_consult_technical_evaluation,access_pmis_consult_technical_evaluation,egp_procurement.model_pmis_consult_technical_evaluation,base.group_user,1,1,1,1
egp_procurement.access_pmis_consult_interview,access_pmis_consult_interview,egp_procurement.model_pmis_consult_interview,base.group_user,1,1,1,1
egp_procurement.access_pmis_consult_interview_project,access_pmis_consult_interview_project,egp_procurement.model_pmis_consult_interview_project,base.group_user,1,1,1,1
egp_procurement.access_project_announcement,access_project_announcement,egp_procurement.model_project_announcement,base.group_user,1,1,1,1
egp_procurement.access_project_consultative_announcement,access_project_consultative_announcement,egp_procurement.model_project_consultative_announcement,base.group_user,1,1,1,1
egp_procurement.access_pmis_bidded_project_pdf_report,access_pmis_bidded_project_pdf_report,egp_procurement.model_pmis_bidded_project_pdf_report,base.group_user,1,1,1,1
egp_procurement.access_pmis_bidding_winning_announcement,access_pmis_bidding_winning_announcement,egp_procurement.model_pmis_bidding_winning_announcement,base.group_user,1,1,1,1
egp_procurement.access_pmis_complaint_vendors,access_pmis_complaint_vendors,egp_procurement.model_pmis_complaint_vendors,base.group_user,1,1,1,1
egp_procurement.access_pmis_country_province,access_pmis_country_province,egp_procurement.model_pmis_country_province,base.group_user,1,1,1,1
egp_procurement.access_pmis_districts,access_pmis_districts,egp_procurement.model_pmis_districts,base.group_user,1,1,1,1





id_pmis_projects,name_pmis_projects,egp_procurement.model_pmis_project,egp_procurement.pmis_admin,1,1,1,1
id_pmis_procurement_category,name_pmis_procurement_category,egp_procurement.model_pmis_procurement_category,egp_procurement.pmis_admin,1,1,1,1
id_pmis_directorates,name_pmis_directorates,egp_procurement.model_pmis_directorates,egp_procurement.pmis_admin,1,1,1,1
id_pmis_documents,name_pmis_documents,egp_procurement.model_pmis_documents,egp_procurement.pmis_admin,1,1,1,1
id_pmis_products,name_pmis_products,egp_procurement.model_pmis_products,egp_procurement.pmis_admin,1,1,1,1
id_pmis_document_type,name_pmis_document_type,egp_procurement.model_pmis_document_type,egp_procurement.pmis_admin,1,1,1,1
id_pmis_plan_template,name_pmis_plan_template,egp_procurement.model_pmis_plan_template,egp_procurement.pmis_admin,1,1,1,1
id_pmis_project_plan,name_pmis_project_plan,egp_procurement.model_pmis_project_plan,egp_procurement.pmis_admin,1,1,1,1
id_pmis_plan_tadel,name_pmis_plan_tadel,egp_procurement.model_pmis_plan_tadel,egp_procurement.pmis_admin,1,1,1,1
id_pmis.project.donor,name_pmis_project_donor,egp_procurement.model_pmis_project_donor,egp_procurement.pmis_admin,1,1,1,1
id_pmis.conultative.hiring,name_pmis_conultative_hiring,egp_procurement.model_pmis_conultative_hiring,egp_procurement.pmis_admin,1,1,1,1
id_pmis.construction.services,name_pmis_construction_services,egp_procurement.model_pmis_construction_services,egp_procurement.pmis_admin,1,1,1,1
id_pmis.construction.section,name_pmis_construction_section,egp_procurement.model_pmis_construction_section,egp_procurement.pmis_admin,1,1,1,1
id_pmis_vendors,name_pmis_vendors,egp_procurement.model_pmis_vendors,egp_procurement.pmis_admin,1,1,1,1
id_pmis_vendor_experience,name_pmis_vendor_experience,egp_procurement.model_pmis_vendor_experience,egp_procurement.pmis_admin,1,1,1,1
id__pmis_vendor_assets,name_pmis_vendor_assets,egp_procurement.model_pmis_vendor_assets,egp_procurement.pmis_admin,1,1,1,1
id_pmis_vendor_agent,name_pmis_vendor_agent,egp_procurement.model_pmis_vendor_agent,egp_procurement.pmis_admin,1,1,1,1
id_pmis_vendor_transactions,name_pmis_vendor_transactions,egp_procurement.model_pmis_vendor_transactions,egp_procurement.pmis_admin,1,1,1,1
id_pmis_country,name_pmis_country,egp_procurement.model_pmis_country,egp_procurement.pmis_admin,1,1,1,1
id_pmis_purchase_project,name_pmis_purchase_project,egp_procurement.model_pmis_purchase_project,egp_procurement.pmis_admin,1,1,1,1
id_pmis_products_description,name_pmis_products_description,egp_procurement.model_pmis_products_description,egp_procurement.pmis_admin,1,1,1,1
id_pmis_bank,name_pmis_bank,egp_procurement.model_pmis_bank,egp_procurement.pmis_admin,1,1,1,1
egp_procurement.access_product_price,access_pmis_product_price,egp_procurement.model_pmis_products_price,egp_procurement.pmis_admin,1,1,1,1
egp_procurement.access_pmis_purchase_quotation,access_pmis_purchase_quotation,egp_procurement.model_pmis_purchase_quotation,egp_procurement.pmis_admin,1,1,1,1
egp_procurement.access_pmis_quotation,access_pmis_quotation,egp_procurement.model_pmis_quotation,egp_procurement.pmis_admin,1,1,1,1
egp_procurement.access_pmis_offer_submission_project,access_pmis_offer_submission_project,egp_procurement.model_pmis_offer_submission_project,egp_procurement.pmis_admin,1,1,1,1
egp_procurement.access_pmis_offerghoshai,access_pmis_offerghoshai,egp_procurement.model_pmis_offerghoshai,egp_procurement.pmis_admin,1,1,1,1
egp_procurement.access_basic_evaluation,access_basic_evaluation,egp_procurement.model_basic_evaluation,egp_procurement.pmis_admin,1,1,1,1
egp_procurement.access_basic_evaluation_checkbox,access_basic_evaluation_checkbox,egp_procurement.model_basic_evaluation_checkbox,egp_procurement.pmis_admin,1,1,1,1
egp_procurement.access_guaranteefor_bank,access_guaranteefor_bank,egp_procurement.model_guaranteefor_bank,egp_procurement.pmis_admin,1,1,1,1
egp_procurement.access_project_announcement,access_project_announcement,egp_procurement.model_project_announcement,egp_procurement.pmis_admin,1,1,1,1
egp_procurement.access_pmis_offer_submission,access_pmis_offer_submission,egp_procurement.model_pmis_offer_submission,egp_procurement.pmis_admin,1,1,1,1
egp_procurement.access_pmis_offers_details,access_pmis_offers_details,egp_procurement.model_pmis_offers_details,egp_procurement.pmis_admin,1,1,1,1
egp_procurement.access_pmis_offersubmission,access_pmis_offersubmission,egp_procurement.model_pmis_offersubmission,egp_procurement.pmis_admin,1,1,1,1
egp_procurement.access_implied_services,access_implied_services,egp_procurement.model_implied_services,egp_procurement.pmis_admin,1,1,1,1
egp_procurement.access_production_permit,access_production_permit,egp_procurement.model_production_permit,egp_procurement.pmis_admin,1,1,1,1
egp_procurement.access_pmis_offers_evaluation,access_pmis_offers_evaluation,egp_procurement.model_pmis_offers_evaluation,egp_procurement.pmis_admin,1,1,1,1
egp_procurement.access_pmis_offer,access_pmis_offer,egp_procurement.model_pmis_offer,egp_procurement.pmis_admin,1,1,1,1
egp_procurement.access_exchange_currency_rate,access_exchange_currency_rate,egp_procurement.model_exchange_currency_rate,egp_procurement.pmis_admin,1,1,1,1
egp_procurement.access_standard_form_financial_evaluation,access_standard_form_financial_evaluation,egp_procurement.model_standard_form_financial_evaluation,egp_procurement.pmis_admin,1,1,1,1
egp_procurement.access_technical_evaluation_standard_form,access_technical_evaluation_standard_form,egp_procurement.model_technical_evaluation_standard_form,egp_procurement.pmis_admin,1,1,1,1
egp_procurement.access_bidding_winner,access_bidding_winner,egp_procurement.model_bidding_winner,egp_procurement.pmis_admin,1,1,1,1
egp_procurement.access_pmis_offeracceptance,access_pmis_offeracceptance,egp_procurement.model_pmis_offeracceptance,egp_procurement.pmis_admin,1,1,1,1
egp_procurement.access_pmis_contractagreement,access_pmis_contractagreement,egp_procurement.model_pmis_contractagreement,egp_procurement.pmis_admin,1,1,1,1
egp_procurement.access_pmis_contract_management,access_pmis_contract_management,egp_procurement.model_pmis_contract_management,egp_procurement.pmis_admin,1,1,1,1
egp_procurement.access_pmis_delivery_description,access_pmis_delivery_description,egp_procurement.model_pmis_delivery_description,egp_procurement.pmis_admin,1,1,1,1
egp_procurement.access_pmis_cash_reception,access_pmis_cash_reception,egp_procurement.model_pmis_cash_reception,egp_procurement.pmis_admin,1,1,1,1
egp_procurement.access_pmis_purchase_kharidari,access_pmis_purchase_kharidari,egp_procurement.model_pmis_purchase_kharidari,egp_procurement.pmis_admin,1,1,1,1
egp_procurement.access_pmis_products_tashrih,access_pmis_products_tashrih,egp_procurement.model_pmis_products_tashrih,egp_procurement.pmis_admin,1,1,1,1
egp_procurement.access_pmis_cash_refund,access_pmis_cash_refund,egp_procurement.model_pmis_cash_refund,egp_procurement.pmis_admin,1,1,1,1
egp_procurement.access_pmis_cash_pdf_report,access_pmis_cash_pdf_report,egp_procurement.model_pmis_cash_pdf_report,egp_procurement.pmis_admin,1,1,1,1
egp_procurement.access_pmis_first_shortlist,access_pmis_first_shortlist,egp_procurement.model_pmis_first_shortlist,egp_procurement.pmis_admin,1,1,1,1
egp_procurement.access_pmis_consult_evaluation_project,access_pmis_consult_evaluation_project,egp_procurement.model_pmis_consult_evaluation_project,egp_procurement.pmis_admin,1,1,1,1
egp_procurement.access_pmis_consult_interview_project,access_pmis_consult_interview_project,egp_procurement.model_pmis_consult_interview_project,egp_procurement.pmis_admin,1,1,1,1
egp_procurement.access_pmis_job_announcement,access_pmis_job_announcement,egp_procurement.model_pmis_job_announcement,egp_procurement.pmis_admin,1,1,1,1
egp_procurement.access_pmis_candidate_proposal,access_pmis_candidate_proposal,egp_procurement.model_pmis_candidate_proposal,egp_procurement.pmis_admin,1,1,1,1
egp_procurement.access_pmis_consultative_offerghoshai_project,access_pmis_consultative_offerghoshai_project,egp_procurement.model_pmis_consultative_offerghoshai_project,egp_procurement.pmis_admin,1,1,1,1
egp_procurement.access_pmis_winners_candidates_project,access_pmis_winners_candidates_project,egp_procurement.model_pmis_winners_candidates_project,egp_procurement.pmis_admin,1,1,1,1
egp_procurement.access_pmis_payment,access_pmis_payment,egp_procurement.model_pmis_payment,egp_procurement.pmis_admin,1,1,1,1
egp_procurement.access_project_consultative_announcement,access_project_consultative_announcement,egp_procurement.model_project_consultative_announcement,egp_procurement.pmis_admin,1,1,1,1
egp_procurement.access_pmis_vendors_block,access_pmis_vendors_block,egp_procurement.model_pmis_vendors_block,egp_procurement.pmis_admin,1,1,1,1
egp_procurement.access_pmis_bidding_winning_announcement,access_pmis_bidding_winning_announcement,egp_procurement.model_pmis_bidding_winning_announcement,egp_procurement.pmis_admin,1,1,1,1
egp_procurement.access_pmis_complaint_vendors,access_pmis_complaint_vendors,egp_procurement.model_pmis_complaint_vendors,egp_procurement.pmis_admin,1,1,1,1
egp_procurement.access_pmis_country_province,access_pmis_country_province,egp_procurement.model_pmis_country_province,egp_procurement.pmis_admin,1,1,1,1
egp_procurement.access_pmis_districts,access_pmis_districts,egp_procurement.model_pmis_districts,egp_procurement.pmis_admin,1,1,1,1



id_pmis_vendors_h,name_pmis_vendors_h,egp_procurement.model_pmis_vendors,egp_procurement.pmis_head,1,1,1,1
egp_procurement.access_pmis_purchase_quotation_h,access_pmis_purchase_quotation_h,egp_procurement.model_pmis_purchase_quotation,egp_procurement.pmis_head,1,1,1,1
id_pmis_directorates_h,name_pmis_directorates_h,egp_procurement.model_pmis_directorates,egp_procurement.pmis_head,1,1,1,1
id_pmis.project.donor_h,name_pmis_project_donor_h,egp_procurement.model_pmis_project_donor,egp_procurement.pmis_head,1,1,1,1
id_pmis_projects_h,name_pmis_projects_h,egp_procurement.model_pmis_project,egp_procurement.pmis_head,1,1,1,1
id_pmis_products_description_h,name_pmis_products_description_h,egp_procurement.model_pmis_products_description,egp_procurement.pmis_head,1,1,1,1
id_pmis.conultative.hiring_h,name_pmis_conultative_hiring_h,egp_procurement.model_pmis_conultative_hiring,egp_procurement.pmis_head,1,1,1,1
id_pmis.construction.services_h,name_pmis_construction_services_h,egp_procurement.model_pmis_construction_services,egp_procurement.pmis_head,1,1,1,1
id_pmis.construction.section_h,name_pmis_construction_section_h,egp_procurement.model_pmis_construction_section,egp_procurement.pmis_head,1,1,1,1
id_pmis_documents_h,name_pmis_documents_h,egp_procurement.model_pmis_documents,egp_procurement.pmis_head,1,1,1,1
id_pmis_document_type_h,name_pmis_document_type_h,egp_procurement.model_pmis_document_type,egp_procurement.pmis_head,1,1,1,1
id_pmis_procurement_category_h,name_pmis_procurement_category_h,egp_procurement.model_pmis_procurement_category,egp_procurement.pmis_head,1,1,1,1
id_pmis_products_h,name_pmis_products_h,egp_procurement.model_pmis_products,egp_procurement.pmis_head,1,1,1,1
id_pmis_plan_tadel_h,name_pmis_plan_tadel_h,egp_procurement.model_pmis_plan_tadel,egp_procurement.pmis_head,1,1,1,1
egp_procurement.access_bidding_winner_h,access_bidding_winner_h,egp_procurement.model_bidding_winner,egp_procurement.pmis_head,1,1,1,1
egp_procurement.access_pmis_offers_evaluation_h,access_pmis_offers_evaluation_h,egp_procurement.model_pmis_offers_evaluation,egp_procurement.pmis_head,1,1,1,1
egp_procurement.access_pmis_offers_details_h,access_pmis_offers_details_h,egp_procurement.model_pmis_offers_details,egp_procurement.pmis_head,1,1,1,1
egp_procurement.access_pmis_offerghoshai_h,access_pmis_offerghoshai_h,egp_procurement.model_pmis_offerghoshai,egp_procurement.pmis_head,1,1,1,1
egp_procurement.access_pmis_offer_submission_project_h,access_pmis_offer_submission_project_h,egp_procurement.model_pmis_offer_submission_project,egp_procurement.pmis_head,1,1,1,1
egp_procurement.access_project_announcement_h,access_project_announcement_h,egp_procurement.model_project_announcement,egp_procurement.pmis_head,1,1,1,1
id_pmis_project_plan_h,name_pmis_project_plan_h,egp_procurement.model_pmis_project_plan,egp_procurement.pmis_head,1,1,1,0
id_pmis_directorates_h,name_pmis_directorates_h,egp_procurement.model_pmis_directorates,egp_procurement.pmis_head,1,1,1,1
id_pmis_country_h,name_pmis_country_h,egp_procurement.model_pmis_country,egp_procurement.pmis_head,1,1,1,1
id_pmis_products_description_h,name_pmis_products_description_h,egp_procurement.model_pmis_products_description,egp_procurement.pmis_head,1,1,1,1
id_pmis_documents_h,name_pmis_documents_h,egp_procurement.model_pmis_documents,egp_procurement.pmis_head,1,1,1,1
id_pmis_document_type_h,name_pmis_document_type_h,egp_procurement.model_pmis_document_type,egp_procurement.pmis_head,1,1,1,1
id_pmis_vendor_transactions_h,name_pmis_vendor_transactions_h,egp_procurement.model_pmis_vendor_transactions,egp_procurement.pmis_head,1,1,1,1
id_pmis_vendor_agent_h,name_pmis_vendor_agent_h,egp_procurement.model_pmis_vendor_agent,egp_procurement.pmis_head,1,1,1,1
id_pmis_vendor_experience_h,name_pmis_vendor_experience_h,egp_procurement.model_pmis_vendor_experience,egp_procurement.pmis_head,1,1,1,1
id_pmis_vendor_assets_h,name_pmis_vendor_assets_h,egp_procurement.model_pmis_vendor_assets,egp_procurement.pmis_head,1,1,1,1
id_pmis_plan_template_h,name_pmis_plan_template_h,egp_procurement.model_pmis_plan_template,egp_procurement.pmis_head,1,1,1,1
egp_procurement.access_guaranteefor_bank_h,access_guaranteefor_bank_h,egp_procurement.model_guaranteefor_bank,egp_procurement.pmis_head,1,1,1,1
egp_procurement.access_pmis_contractagreement_h,access_pmis_contractagreement_h,egp_procurement.model_pmis_contractagreement,egp_procurement.pmis_head,1,1,1,1
egp_procurement.access_pmis_offeracceptance_h,access_pmis_offeracceptance_h,egp_procurement.model_pmis_offeracceptance,egp_procurement.pmis_head,1,1,1,1
egp_procurement.access_pmis_offer_h,access_pmis_offer_h,egp_procurement.model_pmis_offer,egp_procurement.pmis_head,1,1,1,1
egp_procurement.access_pmis_offersubmission_h,access_pmis_offersubmission_h,egp_procurement.model_pmis_offersubmission,egp_procurement.pmis_head,1,1,1,1
id_pmis_vendor_agent_h,name_pmis_vendor_agent_h,egp_procurement.model_pmis_vendor_agent,egp_procurement.pmis_head,1,1,1,1
egp_procurement.access_basic_evaluation_h,access_basic_evaluation_h,egp_procurement.model_basic_evaluation,egp_procurement.pmis_head,1,1,1,1
egp_procurement.access_basic_evaluation_checkbox_h,access_basic_evaluation_checkbox_h,egp_procurement.model_basic_evaluation_checkbox,egp_procurement.pmis_head,1,1,1,1
egp_procurement.access_pmis_contract_management_h,access_pmis_contract_management_h,egp_procurement.model_pmis_contract_management,egp_procurement.pmis_head,1,0,0,0
egp_procurement.access_pmis_delivery_description_h,access_pmis_delivery_description_h,egp_procurement.model_pmis_delivery_description,egp_procurement.pmis_head,1,0,0,0
id_pmis_purchase_project_h,name_pmis_purchase_project_h,egp_procurement.model_pmis_purchase_project,egp_procurement.pmis_head,1,1,1,1
egp_procurement.access_pmis_purchase_quotation_h,access_pmis_purchase_quotation_h,egp_procurement.model_pmis_purchase_quotation,egp_procurement.pmis_head,1,1,1,1
egp_procurement.access_pmis_quotation_h,access_pmis_quotation_h,egp_procurement.model_pmis_quotation,egp_procurement.pmis_head,1,1,1,1
egp_procurement.access_pmis_purchase_kharidari_h,access_pmis_purchase_kharidari_h,egp_procurement.model_pmis_purchase_kharidari,egp_procurement.pmis_head,1,1,1,1
egp_procurement.access_product_price_h,access_pmis_product_price_h,egp_procurement.model_pmis_products_price,egp_procurement.pmis_head,1,1,1,1
id_pmis_procurement_category_h,name_pmis_procurement_category_h,egp_procurement.model_pmis_procurement_category,egp_procurement.pmis_head,1,1,0,0
egp_procurement.access_pmis_first_shortlist_h,access_pmis_first_shortlist_h,egp_procurement.model_pmis_first_shortlist,egp_procurement.pmis_head,1,1,1,1
egp_procurement.access_pmis_consult_evaluation_project_h,access_pmis_consult_evaluation_project_h,egp_procurement.model_pmis_consult_evaluation_project,egp_procurement.pmis_head,1,1,1,1
egp_procurement.access_pmis_products_tashrih_h,access_pmis_products_tashrih_h,egp_procurement.model_pmis_products_tashrih,egp_procurement.pmis_head,1,1,1,1
egp_procurement.access_pmis_consult_interview_project_h,access_pmis_consult_interview_project_h,egp_procurement.model_pmis_consult_interview_project,egp_procurement.pmis_head,1,1,1,1
egp_procurement.access_pmis_job_announcement_h,access_pmis_job_announcement_h,egp_procurement.model_pmis_job_announcement,egp_procurement.pmis_head,1,1,1,1
egp_procurement.access_pmis_candidate_proposal_h,access_pmis_candidate_proposal_h,egp_procurement.model_pmis_candidate_proposal,egp_procurement.pmis_head,1,1,1,1
egp_procurement.access_pmis_consultative_offerghoshai_project_h,access_pmis_consultative_offerghoshai_project_h,egp_procurement.model_pmis_consultative_offerghoshai_project,egp_procurement.pmis_head,1,1,1,1
egp_procurement.access_pmis_winners_candidates_project_h,access_pmis_winners_candidates_project_h,egp_procurement.model_pmis_winners_candidates_project,egp_procurement.pmis_head,1,1,1,1
egp_procurement.access_pmis_payment_h,access_pmis_payment_h,egp_procurement.model_pmis_payment,egp_procurement.pmis_head,1,0,0,0
egp_procurement.access_project_consultative_announcement_h,access_project_consultative_announcement_h,egp_procurement.model_project_consultative_announcement,egp_procurement.pmis_head,1,1,1,1
egp_procurement.access_pmis_vendors_block_h,access_pmis_vendors_block_h,egp_procurement.model_pmis_vendors_block,egp_procurement.pmis_head,1,1,1,1
egp_procurement.pmis_purchase_pdf_report_h,access_pmis_purchase_pdf_report_h,egp_procurement.model_pmis_purchase_pdf_report,egp_procurement.pmis_head,1,1,1,1
egp_procurement.pmis_purchase_pdf_report_h,access_pmis_purchase_pdf_report_h,egp_procurement.model_pmis_purchase_pdf_report,egp_procurement.pmis_head,1,1,1,1





id_pmis_projects_pur1,name_pmis_projects_pur1,egp_procurement.model_pmis_project,egp_procurement.pmis_purchase_managers_less_20000,1,1,1,0
id_pmis_directorates_pur1,name_pmis_directorates_pur1,egp_procurement.model_pmis_directorates,egp_procurement.pmis_purchase_managers_less_20000,1,1,1,1
id_pmis_vendors_pur1,name_pmis_vendors_pur1,egp_procurement.model_pmis_vendors,egp_procurement.pmis_purchase_managers_less_20000,1,1,1,1
id_pmis_country_pur1,name_pmis_country_pur1,egp_procurement.model_pmis_country,egp_procurement.pmis_purchase_managers_less_20000,1,1,1,1
id_pmis_products_description_pur1,name_pmis_products_description_pur1,egp_procurement.model_pmis_products_description,egp_procurement.pmis_purchase_managers_less_20000,1,1,1,1
id_pmis_documents_pur1,name_pmis_documents_pur1,egp_procurement.model_pmis_documents,egp_procurement.pmis_purchase_managers_less_20000,1,1,1,1
id_pmis_document_type_pur1,name_pmis_document_type_pur1,egp_procurement.model_pmis_document_type,egp_procurement.pmis_purchase_managers_less_20000,1,1,1,1
id_pmis_vendor_agent_pur1,name_pmis_vendor_agent_pur1,egp_procurement.model_pmis_vendor_agent,egp_procurement.pmis_purchase_managers_less_20000,1,1,1,1
id_pmis_purchase_project_pur1,name_pmis_purchase_project_pur1,egp_procurement.model_pmis_purchase_project,egp_procurement.pmis_purchase_managers_less_20000,1,1,1,0
egp_procurement.access_pmis_purchase_quotation_pur1,access_pmis_purchase_quotation_pur1,egp_procurement.model_pmis_purchase_quotation,egp_procurement.pmis_purchase_managers_less_20000,1,1,1,1
id_pmis_procurement_category_pur1,name_pmis_procurement_category_pur1,egp_procurement.model_pmis_procurement_category,egp_procurement.pmis_purchase_managers_less_20000,1,1,1,0
egp_procurement.access_pmis_purchase_kharidari_pur1,access_pmis_purchase_kharidari_pur1,egp_procurement.model_pmis_purchase_kharidari,egp_procurement.pmis_purchase_managers_less_20000,1,1,1,0
egp_procurement.access_pmis_cash_reception_pur1,access_pmis_cash_reception_pur1,egp_procurement.model_pmis_cash_reception,egp_procurement.pmis_purchase_managers_less_20000,1,1,1,1
egp_procurement.access_product_price_pur1,access_pmis_product_price_pur1,egp_procurement.model_pmis_products_price,egp_procurement.pmis_purchase_managers_less_20000,1,1,1,1
egp_procurement.access_pmis_products_tashrih_pur1,access_pmis_products_tashrih_pur1,egp_procurement.model_pmis_products_tashrih,egp_procurement.pmis_purchase_managers_less_20000,1,1,1,1
egp_procurement.access_pmis_cash_refund_pur1,access_pmis_cash_refund_pur1,egp_procurement.model_pmis_cash_refund,egp_procurement.pmis_purchase_managers_less_20000,1,1,1,1
egp_procurement.access_pmis_cash_reception_pur1,access_pmis_cash_reception_pur1,egp_procurement.model_pmis_cash_reception,egp_procurement.pmis_purchase_managers_less_20000,1,1,0,0
id_pmis_products_pur1,access_pmis_products_pur1,egp_procurement.model_pmis_products,pmis_purchase_managers_less_20000,1,1,1,1
egp_procurement.access_pmis_quotation_pur1,access_pmis_quotation_pur1,egp_procurement.model_pmis_quotation,pmis_purchase_managers_less_20000,1,0,0,0
egp_procurement.pmis_purchase_pdf_report_pur1,access_pmis_purchase_pdf_report_pur1,egp_procurement.model_pmis_purchase_pdf_report,pmis_purchase_managers_less_20000,1,1,1,1



egp_procurement.access_pmis_cash_refund_pur2,access_pmis_cash_refund_pur2,egp_procurement.model_pmis_cash_refund,egp_procurement.pmis_purchase_managers_less_5000000,1,1,1,1
egp_procurement.access_pmis_products_tashrih_pur2,access_pmis_products_tashrih_pur2,egp_procurement.model_pmis_products_tashrih,egp_procurement.pmis_purchase_managers_less_5000000,1,1,1,1
egp_procurement.access_product_price_pur2,access_pmis_product_price_pur2,egp_procurement.model_pmis_products_price,egp_procurement.pmis_purchase_managers_less_5000000,1,1,1,1
egp_procurement.access_pmis_quotation_pur2,access_pmis_quotation_pur2,egp_procurement.model_pmis_quotation,egp_procurement.pmis_purchase_managers_less_5000000,1,1,1,1
egp_procurement.access_pmis_cash_reception_pur2,access_pmis_cash_reception_pur2,egp_procurement.model_pmis_cash_reception,egp_procurement.pmis_purchase_managers_less_5000000,1,1,0,0
id_pmis_procurement_category_pur2,name_pmis_procurement_category_pur2,egp_procurement.model_pmis_procurement_category,egp_procurement.pmis_purchase_managers_less_5000000,1,1,1,0
id_pmis_projects_pur2,name_pmis_projects_pur2,egp_procurement.model_pmis_project,egp_procurement.pmis_purchase_managers_less_5000000,1,1,1,0
egp_procurement.access_pmis_purchase_quotation_pur2,access_pmis_purchase_quotation_pur2,egp_procurement.model_pmis_purchase_quotation,egp_procurement.pmis_purchase_managers_less_5000000,1,1,1,0
egp_procurement.access_pmis_purchase_kharidari_pur2,access_pmis_purchase_kharidari_pur2,egp_procurement.model_pmis_purchase_kharidari,egp_procurement.pmis_purchase_managers_less_5000000,1,1,1,0
egp_procurement.access_pmis_quotation_pur2,access_pmis_quotation_pur2,egp_procurement.model_pmis_quotation,egp_procurement.pmis_purchase_managers_less_5000000,1,1,1,0
id_pmis_purchase_project_pur2,name_pmis_purchase_project_pur2,egp_procurement.model_pmis_purchase_project,egp_procurement.pmis_purchase_managers_less_5000000,1,1,1,0
id_pmis_directorates_pur2,name_pmis_directorates_pur2,egp_procurement.model_pmis_directorates,egp_procurement.pmis_purchase_managers_less_5000000,1,1,1,1
id_pmis_vendors_pur2,name_pmis_vendors_pur2,egp_procurement.model_pmis_vendors,egp_procurement.pmis_purchase_managers_less_5000000,1,1,1,1
id_pmis_country_pur2,name_pmis_country_pur2,egp_procurement.model_pmis_country,egp_procurement.pmis_purchase_managers_less_5000000,1,1,1,1
id_pmis_products_description_pur2,name_pmis_products_description_pur2,egp_procurement.model_pmis_products_description,egp_procurement.pmis_purchase_managers_less_5000000,1,1,1,1
id_pmis_documents_pur2,name_pmis_documents_pur2,egp_procurement.model_pmis_documents,egp_procurement.pmis_purchase_managers_less_5000000,1,1,1,1
id_pmis_document_type_pur2,name_pmis_document_type_pur2,egp_procurement.model_pmis_document_type,egp_procurement.pmis_purchase_managers_less_5000000,1,1,1,1
id_pmis_vendor_agent_pur2,name_pmis_vendor_agent_pur2,egp_procurement.model_pmis_vendor_agent,egp_procurement.pmis_purchase_managers_less_5000000,1,1,1,1
id_pmis_products_pur2,access_pmis_products_pur2,egp_procurement.model_pmis_products,egp_procurement.pmis_purchase_managers_less_5000000,1,1,1,1
egp_procurement.pmis_purchase_pdf_report_pur2,access_pmis_purchase_pdf_report_pur2,egp_procurement.model_pmis_purchase_pdf_report,egp_procurement.pmis_purchase_managers_less_5000000,1,1,1,1




egp_procurement.access_production_permit_non,access_production_permit_non,egp_procurement.model_production_permit,egp_procurement.Products_Non_consultative_expert,1,1,1,1
egp_procurement.access_internal_preference_non,access_internal_preference_non,egp_procurement.model_internal_preference,egp_procurement.Products_Non_consultative_expert,1,1,1,1
egp_procurement.access_exchange_currency_rate_non,access_exchange_currency_rate_non,egp_procurement.model_exchange_currency_rate,egp_procurement.Products_Non_consultative_expert,1,1,1,1
egp_procurement.access_pmis_purchase_quotation_non,access_pmis_purchase_quotation_non,egp_procurement.model_pmis_purchase_quotation,egp_procurement.Products_Non_consultative_expert,1,1,1,1
id_pmis_purchase_project_non,name_pmis_purchase_project_non,egp_procurement.model_pmis_purchase_project,egp_procurement.Products_Non_consultative_expert,1,1,1,1
egp_procurement.access_pmis_purchase_kharidari_non,access_pmis_purchase_kharidari_non,egp_procurement.model_pmis_purchase_kharidari,egp_procurement.Products_Non_consultative_expert,1,1,1,1
egp_procurement.access_guaranteefor_bank_non,access_guaranteefor_bank_non,egp_procurement.model_guaranteefor_bank,egp_procurement.Products_Non_consultative_expert,1,1,1,1
egp_procurement.access_pmis_contractagreement_non,access_pmis_contractagreement_non,egp_procurement.model_pmis_contractagreement,egp_procurement.Products_Non_consultative_expert,1,1,1,1
egp_procurement.access_pmis_offeracceptance_non,access_pmis_offeracceptance_non,egp_procurement.model_pmis_offeracceptance,egp_procurement.Products_Non_consultative_expert,1,1,1,1
egp_procurement.access_pmis_offer_non,access_pmis_offer_non,egp_procurement.model_pmis_offer,egp_procurement.Products_Non_consultative_expert,1,1,1,1
egp_procurement.access_pmis_offersubmission_non,access_pmis_offersubmission_non,egp_procurement.model_pmis_offersubmission,egp_procurement.Products_Non_consultative_expert,1,1,1,1
egp_procurement.access_project_announcement_non,access_project_announcement_non,egp_procurement.model_project_announcement,egp_procurement.Products_Non_consultative_expert,1,1,1,0
id_pmis_vendor_agent_non,name_pmis_vendor_agent_non,egp_procurement.model_pmis_vendor_agent,egp_procurement.Products_Non_consultative_expert,1,1,1,1
egp_procurement.access_basic_evaluation_non,access_basic_evaluation_non,egp_procurement.model_basic_evaluation,egp_procurement.Products_Non_consultative_expert,1,1,1,1
egp_procurement.access_basic_evaluation_checkbox_non,access_basic_evaluation_checkbox_non,egp_procurement.model_basic_evaluation_checkbox,egp_procurement.Products_Non_consultative_expert,1,1,1,1
id_pmis_vendors_non,name_pmis_vendors_non,egp_procurement.model_pmis_vendors,egp_procurement.Products_Non_consultative_expert,1,1,1,1
egp_procurement.access_pmis_offer_submission_non,access_pmis_offer_submission_non,egp_procurement.model_pmis_offer_submission,egp_procurement.Products_Non_consultative_expert,1,1,1,1
id_pmis_projects_non,name_pmis_projects_non,egp_procurement.model_pmis_project,egp_procurement.Products_Non_consultative_expert,1,1,1,0
id_pmis_project_plan_non,name_pmis_project_plan_non,egp_procurement.model_pmis_project_plan,egp_procurement.Products_Non_consultative_expert,1,1,1,0
id_pmis_procurement_category_non,name_pmis_procurement_category_non,egp_procurement.model_pmis_procurement_category,egp_procurement.Products_Non_consultative_expert,1,1,1,0
id_pmis_directorates_non,name_pmis_directorates_non,egp_procurement.model_pmis_directorates,egp_procurement.Products_Non_consultative_expert,1,1,1,1
id_pmis_document_type_non,name_pmis_document_type_non,egp_procurement.model_pmis_document_type,egp_procurement.Products_Non_consultative_expert,1,1,1,1
id_pmis_procurement_category_non,name_pmis_procurement_category_non,egp_procurement.model_pmis_procurement_category,egp_procurement.Products_Non_consultative_expert,1,1,0,0
id_pmis.construction.section_non,name_pmis_construction_section_non,egp_procurement.model_pmis_construction_section,egp_procurement.Products_Non_consultative_expert,1,1,1,1
id_pmis_documents_non,name_pmis_documents_non,egp_procurement.model_pmis_documents,egp_procurement.Products_Non_consultative_expert,1,1,1,1
id_pmis_products_description_non,name_pmis_products_description_non,egp_procurement.model_pmis_products_description,egp_procurement.Products_Non_consultative_expert,1,1,1,1
id_pmis.conultative.hiring_non,name_pmis_conultative_hiring_non,egp_procurement.model_pmis_conultative_hiring,egp_procurement.Products_Non_consultative_expert,1,1,1,1
id_pmis.construction.services_non,name_pmis_construction_services_non,egp_procurement.model_pmis_construction_services,egp_procurement.Products_Non_consultative_expert,1,1,1,1
id_pmis_products_description_non,name_pmis_products_description_non,egp_procurement.model_pmis_products_description,egp_procurement.Products_Non_consultative_expert,1,1,1,1
id_pmis_products_non,name_pmis_products_non,egp_procurement.model_pmis_products,egp_procurement.Products_Non_consultative_expert,1,1,1,1
id_pmis_plan_tadel_non,name_pmis_plan_tadel_non,egp_procurement.model_pmis_plan_tadel,egp_procurement.Products_Non_consultative_expert,1,1,1,1
egp_procurement.access_implied_services_non,access_implied_services_non,egp_procurement.model_implied_services,egp_procurement.Products_Non_consultative_expert,1,1,1,1
egp_procurement.access_standard_form_financial_evaluation_non,access_standard_form_financial_evaluation_non,egp_procurement.model_standard_form_financial_evaluation,egp_procurement.Products_Non_consultative_expert,1,1,1,1
egp_procurement.access_technical_evaluation_standard_form_non,access_technical_evaluation_standard_form_non,egp_procurement.model_technical_evaluation_standard_form,egp_procurement.Products_Non_consultative_expert,1,1,1,1
egp_procurement.access_product_price_non,access_pmis_product_price_non,egp_procurement.model_pmis_products_price,egp_procurement.Products_Non_consultative_expert,1,1,1,1
egp_procurement.access_bidding_winner_non,access_bidding_winner_non,egp_procurement.model_bidding_winner,egp_procurement.Products_Non_consultative_expert,1,1,1,0
egp_procurement.access_pmis_offers_evaluation_non,access_pmis_offers_evaluation_non,egp_procurement.model_pmis_offers_evaluation,egp_procurement.Products_Non_consultative_expert,1,1,1,0
egp_procurement.access_pmis_offers_details_non,access_pmis_offers_details_non,egp_procurement.model_pmis_offers_details,egp_procurement.Products_Non_consultative_expert,1,1,1,0
egp_procurement.access_pmis_offerghoshai_non,access_pmis_offerghoshai_non,egp_procurement.model_pmis_offerghoshai,egp_procurement.Products_Non_consultative_expert,1,1,1,0
egp_procurement.access_pmis_offer_submission_project_non,access_pmis_offer_submission_project_non,egp_procurement.model_pmis_offer_submission_project,egp_procurement.Products_Non_consultative_expert,1,1,1,0
id_pmis_vendor_agent_non,name_pmis_vendor_agent_non,egp_procurement.model_pmis_vendor_agent,egp_procurement.Products_Non_consultative_expert,1,1,1,1
id_pmis.project.donor_non,name_pmis_project_donor_non,egp_procurement.model_pmis_project_donor,egp_procurement.Products_Non_consultative_expert,1,1,1,1
egp_procurement.pmis_plan_pdf_report_non,access_pmis_plan_pdf_report_non,egp_procurement.model_pmis_plan_pdf_report,egp_procurement.Products_Non_consultative_expert,1,1,0,0
id_pmis_plan_template_non,name_pmis_plan_template,egp_procurement.model_pmis_plan_template,egp_procurement.Products_Non_consultative_expert,1,1,1,0
id__pmis_vendor_assets_non,name_pmis_vendor_assets_non,egp_procurement.model_pmis_vendor_assets,egp_procurement.Products_Non_consultative_expert,1,1,1,0
id_pmis_bank_non,name_pmis_bank_non,egp_procurement.model_pmis_bank,egp_procurement.Products_Non_consultative_expert,1,1,1,0
id_pmis_vendor_transactions_non,name_pmis_vendor_transactions_non,egp_procurement.model_pmis_vendor_transactions,egp_procurement.Products_Non_consultative_expert,1,1,1,0
id_pmis_vendor_experience_non,name_pmis_vendor_experience_non,egp_procurement.model_pmis_vendor_experience,egp_procurement.Products_Non_consultative_expert,1,1,1,1




id_pmis_purchase_project_con,name_pmis_purchase_project_con,egp_procurement.model_pmis_purchase_project,egp_procurement.pmis_Consultative_expert,1,1,1,1
egp_procurement.access_guaranteefor_bank_con,access_guaranteefor_bank_con,egp_procurement.model_guaranteefor_bank,egp_procurement.pmis_Consultative_expert,1,1,1,1
egp_procurement.access_pmis_contractagreement_con,access_pmis_contractagreement_con,egp_procurement.model_pmis_contractagreement,egp_procurement.pmis_Consultative_expert,1,1,1,1
egp_procurement.access_pmis_offeracceptance_con,access_pmis_offeracceptance_con,egp_procurement.model_pmis_offeracceptance,egp_procurement.pmis_Consultative_expert,1,1,1,1
egp_procurement.access_pmis_offer_con,access_pmis_offer_con,egp_procurement.model_pmis_offer,egp_procurement.pmis_Consultative_expert,1,1,1,1
egp_procurement.access_pmis_offersubmission_con,access_pmis_offersubmission_con,egp_procurement.model_pmis_offersubmission,egp_procurement.pmis_Consultative_expert,1,1,1,1
egp_procurement.access_project_announcement_con,access_project_announcement_con,egp_procurement.model_project_announcement,egp_procurement.pmis_Consultative_expert,1,1,1,0
id_pmis_vendor_agent_con,name_pmis_vendor_agent_con,egp_procurement.model_pmis_vendor_agent,egp_procurement.pmis_Consultative_expert,1,1,1,1
egp_procurement.access_basic_evaluation_con,access_basic_evaluation_con,egp_procurement.model_basic_evaluation,egp_procurement.pmis_Consultative_expert,1,1,1,1
egp_procurement.access_basic_evaluation_checkbox_con,access_basic_evaluation_checkbox_con,egp_procurement.model_basic_evaluation_checkbox,egp_procurement.pmis_Consultative_expert,1,1,1,1
id_pmis_vendors_con,name_pmis_vendors_con,egp_procurement.model_pmis_vendors,egp_procurement.pmis_Consultative_expert,1,1,1,1
egp_procurement.access_pmis_offer_submission_con,access_pmis_offer_submission_con,egp_procurement.model_pmis_offer_submission,egp_procurement.pmis_Consultative_expert,1,1,1,1
egp_procurement.access_implied_services_con,access_implied_services_con,egp_procurement.model_implied_services,egp_procurement.pmis_Consultative_expert,1,1,1,1
id_pmis_vendors_con,name_pmis_vendors_con,egp_procurement.model_pmis_vendors,egp_procurement.pmis_Consultative_expert,1,1,1,1
egp_procurement.access_pmis_offer_submission_con,access_pmis_offer_submission_con,egp_procurement.model_pmis_offer_submission,egp_procurement.pmis_Consultative_expert,1,1,1,1
id_pmis_projects_con,name_pmis_projects_con,egp_procurement.model_pmis_project,egp_procurement.pmis_Consultative_expert,1,1,1,0
id_pmis_project_plan_con,name_pmis_project_plan_con,egp_procurement.model_pmis_project_plan,egp_procurement.pmis_Consultative_expert,1,1,1,0
id_pmis_procurement_category_con,name_pmis_procurement_category_con,egp_procurement.model_pmis_procurement_category,egp_procurement.pmis_Consultative_expert,1,1,1,0
id_pmis.construction.section_con,name_pmis_construction_section_con,egp_procurement.model_pmis_construction_section,egp_procurement.pmis_Consultative_expert,1,1,1,1
id_pmis_documents_con,name_pmis_documents_con,egp_procurement.model_pmis_documents,egp_procurement.pmis_Consultative_expert,1,1,1,1
id_pmis_document_type_con,name_pmis_document_type_con,egp_procurement.model_pmis_document_type,egp_procurement.pmis_Consultative_expert,1,1,1,1
id_pmis_products_description_con,name_pmis_products_description_con,egp_procurement.model_pmis_products_description,egp_procurement.pmis_Consultative_expert,1,1,1,1
id_pmis.conultative.hiring_con,name_pmis_conultative_hiring_con,egp_procurement.model_pmis_conultative_hiring,egp_procurement.pmis_Consultative_expert,1,1,1,1
id_pmis.construction.services_con,name_pmis_construction_services_con,egp_procurement.model_pmis_construction_services,egp_procurement.pmis_Consultative_expert,1,1,1,1
id_pmis_products_con,name_pmis_products_con,egp_procurement.model_pmis_products,egp_procurement.pmis_Consultative_expert,1,1,1,1
id_pmis_documents_con,name_pmis_documents_con,egp_procurement.model_pmis_documents,egp_procurement.pmis_Consultative_expert,1,1,1,1
id_pmis_directorates_con,name_pmis_directorates_con,egp_procurement.model_pmis_directorates,egp_procurement.pmis_Consultative_expert,1,1,1,1
id_pmis_plan_tadel_con,name_pmis_plan_tadel_con,egp_procurement.model_pmis_plan_tadel,egp_procurement.pmis_Consultative_expert,1,1,1,1
egp_procurement.access_product_price_con,access_pmis_product_price_con,egp_procurement.model_pmis_products_price,egp_procurement.pmis_Consultative_expert,1,1,1,1
egp_procurement.access_exchange_currency_rate_con,access_exchange_currency_rate_con,egp_procurement.model_exchange_currency_rate,egp_procurement.pmis_Consultative_expert,1,1,1,1
egp_procurement.access_bidding_winner_con,access_bidding_winner_con,egp_procurement.model_bidding_winner,egp_procurement.pmis_Consultative_expert,1,1,1,0
egp_procurement.access_pmis_offers_evaluation_con,access_pmis_offers_evaluation_con,egp_procurement.model_pmis_offers_evaluation,egp_procurement.pmis_Consultative_expert,1,1,1,0
egp_procurement.access_pmis_offers_details_con,access_pmis_offers_details_con,egp_procurement.model_pmis_offers_details,egp_procurement.pmis_Consultative_expert,1,1,1,0
egp_procurement.access_pmis_offerghoshai_con,access_pmis_offerghoshai_con,egp_procurement.model_pmis_offerghoshai,egp_procurement.pmis_Consultative_expert,1,1,1,0
id_pmis.project.donor_con,name_pmis_project_donor_con,egp_procurement.model_pmis_project_donor,egp_procurement.pmis_Consultative_expert,1,1,1,1
egp_procurement.access_production_permit_con,access_production_permit_con,egp_procurement.model_production_permit,egp_procurement.pmis_Consultative_expert,1,1,1,1
egp_procurement.access_pmis_offer_submission_project_con,access_pmis_offer_submission_project_con,egp_procurement.model_pmis_offer_submission_project,egp_procurement.pmis_Consultative_expert,1,1,1,0
egp_procurement.access_pmis_purchase_kharidari_con,access_pmis_purchase_kharidari_con,egp_procurement.model_pmis_purchase_kharidari,egp_procurement.pmis_Consultative_expert,1,1,1,1
egp_procurement.access_pmis_purchase_quotation_con,access_pmis_purchase_quotation_con,egp_procurement.model_pmis_purchase_quotation,egp_procurement.pmis_Consultative_expert,1,1,1,1
id_pmis_plan_template_con,name_pmis_plan_template_con,egp_procurement.model_pmis_plan_template,egp_procurement.pmis_Consultative_expert,1,1,1,0
id_pmis_procurement_category_con,name_pmis_procurement_category_con,egp_procurement.model_pmis_procurement_category,egp_procurement.pmis_Consultative_expert,1,1,0,0
id_pmis_bank_con,name_pmis_bank_con,egp_procurement.model_pmis_bank,egp_procurement.pmis_Consultative_expert,1,1,1,0
id__pmis_vendor_assets_con,name_pmis_vendor_assets_con,egp_procurement.model_pmis_vendor_assets,egp_procurement.pmis_Consultative_expert,1,1,1,0
egp_procurement.access_pmis_first_shortlist_con,access_pmis_first_shortlist_con,egp_procurement.model_pmis_first_shortlist,egp_procurement.pmis_Consultative_expert,1,1,1,0
egp_procurement.access_pmis_consult_evaluation_project_con,access_pmis_consult_evaluation_project_con,egp_procurement.model_pmis_consult_evaluation_project,egp_procurement.pmis_Consultative_expert,1,1,1,0
id_pmis_vendor_experience_con,name_pmis_vendor_experience_con,egp_procurement.model_pmis_vendor_experience,egp_procurement.pmis_Consultative_expert,1,1,1,0
egp_procurement.access_pmis_consult_interview_project_con,access_pmis_consult_interview_project_con,egp_procurement.model_pmis_consult_interview_project,egp_procurement.pmis_Consultative_expert,1,1,1,0
egp_procurement.access_pmis_job_announcement_con,access_pmis_job_announcement_con,egp_procurement.model_pmis_job_announcement,egp_procurement.pmis_Consultative_expert,1,1,1,0
egp_procurement.access_pmis_candidate_proposal_con,access_pmis_candidate_proposal_con,egp_procurement.model_pmis_candidate_proposal,egp_procurement.pmis_Consultative_expert,1,1,1,0
egp_procurement.access_pmis_consultative_offerghoshai_project_con,access_pmis_consultative_offerghoshai_project_con,egp_procurement.model_pmis_consultative_offerghoshai_project,egp_procurement.pmis_Consultative_expert,1,1,1,0
egp_procurement.access_pmis_winners_candidates_project_con,access_pmis_winners_candidates_project_con,egp_procurement.model_pmis_winners_candidates_project,egp_procurement.pmis_Consultative_expert,1,1,1,0
egp_procurement.access_project_consultative_announcement_con,access_project_consultative_announcement_con,egp_procurement.model_project_consultative_announcement,egp_procurement.pmis_Consultative_expert,1,1,1,0



id_pmis.project.donor_archi,name_pmis_project_donor_archi,egp_procurement.model_pmis_project_donor,egp_procurement.pmis_archi,1,1,1,1
egp_procurement.access_production_permit_archi,access_production_permit_archi,egp_procurement.model_production_permit,egp_procurement.pmis_archi,1,1,1,1
egp_procurement.access_exchange_currency_rate_archi,access_exchange_currency_rate_archi,egp_procurement.model_exchange_currency_rate,egp_procurement.pmis_archi,1,1,1,1
egp_procurement.access_standard_form_financial_evaluation_archi,access_standard_form_financial_evaluation_archi,egp_procurement.model_standard_form_financial_evaluation,egp_procurement.pmis_archi,1,1,1,1
egp_procurement.access_technical_evaluation_standard_form_archi,access_technical_evaluation_standard_form_archi,egp_procurement.model_technical_evaluation_standard_form,egp_procurement.pmis_archi,1,1,1,1
egp_procurement.access_pmis_purchase_quotation_archi,access_pmis_purchase_quotation_archi,egp_procurement.model_pmis_purchase_quotation,egp_procurement.pmis_archi,1,1,1,1
egp_procurement.access_product_price_archi,access_pmis_product_price_archi,egp_procurement.model_pmis_products_price,egp_procurement.pmis_archi,1,1,1,1
id_pmis_projects_c,name_pmis_projects_c,egp_procurement.model_pmis_project,egp_procurement.pmis_archi,1,1,1,0
id_pmis_plan_template_c,name_pmis_plan_template_c,egp_procurement.model_pmis_plan_template,egp_procurement.pmis_archi,1,1,1,0
id_pmis_project_plan_c,name_pmis_project_plan_c,egp_procurement.model_pmis_project_plan,egp_procurement.pmis_archi,1,1,1,0
id_pmis_procurement_category_archi,name_pmis_procurement_category_archi,egp_procurement.model_pmis_procurement_category,egp_procurement.pmis_archi,1,1,1,0
id_pmis_procurement_category_archi,name_pmis_procurement_category_archi,egp_procurement.model_pmis_procurement_category,egp_procurement.pmis_archi,1,1,1,0
id_pmis.construction.section_archi,name_pmis_construction_section_archi,egp_procurement.model_pmis_construction_section,egp_procurement.pmis_archi,1,1,1,1
id_pmis_documents_archi,name_pmis_documents_archi,egp_procurement.model_pmis_documents,egp_procurement.pmis_archi,1,1,1,1
id_pmis_products_archi,name_pmis_products_archi,egp_procurement.model_pmis_products,egp_procurement.pmis_archi,1,1,1,1
id_pmis_products_description_archi,name_pmis_products_description_archi,egp_procurement.model_pmis_products_description,egp_procurement.pmis_archi,1,1,1,1
id_pmis.conultative.hiring_archi,name_pmis_conultative_hiring_archi,egp_procurement.model_pmis_conultative_hiring,egp_procurement.pmis_archi,1,1,1,1
id_pmis.construction.services_archi,name_pmis_construction_services_archi,egp_procurement.model_pmis_construction_services,egp_procurement.pmis_archi,1,1,1,1
id_pmis_directorates_archi,name_pmis_directorates_archi,egp_procurement.model_pmis_directorates,egp_procurement.pmis_archi,1,1,1,1
id_pmis_document_type_archi,name_pmis_document_type_archi,egp_procurement.model_pmis_document_type,egp_procurement.pmis_archi,1,1,1,1
id_pmis_plan_tadel_archi,name_pmis_plan_tadel_archi,egp_procurement.model_pmis_plan_tadel,egp_procurement.pmis_archi,1,1,1,1
egp_procurement.access_bidding_winner_archi,access_bidding_winner_archi,egp_procurement.model_bidding_winner,egp_procurement.pmis_archi,1,1,1,0
egp_procurement.access_pmis_offers_evaluation_archi,access_pmis_offers_evaluation_archi,egp_procurement.model_pmis_offers_evaluation,egp_procurement.pmis_archi,1,1,1,0
egp_procurement.access_pmis_offers_details_archi,access_pmis_offers_details_archi,egp_procurement.model_pmis_offers_details,egp_procurement.pmis_archi,1,1,1,0
egp_procurement.access_pmis_offerghoshai_archi,access_pmis_offerghoshai_archi,egp_procurement.model_pmis_offerghoshai,egp_procurement.pmis_archi,1,1,1,0
egp_procurement.access_pmis_offer_submission_project_archi,access_pmis_offer_submission_project_archi,egp_procurement.model_pmis_offer_submission_project,egp_procurement.pmis_archi,1,1,1,0
egp_procurement.access_project_announcement_archi,access_project_announcement_archi,egp_procurement.model_project_announcement,egp_procurement.pmis_archi,1,1,1,0
egp_procurement.access_guaranteefor_bank_archi,access_guaranteefor_bank_archi,egp_procurement.model_guaranteefor_bank,egp_procurement.pmis_archi,1,1,1,1
egp_procurement.access_pmis_contractagreement_archi,access_pmis_contractagreement_archi,egp_procurement.model_pmis_contractagreement,egp_procurement.pmis_archi,1,1,1,1
egp_procurement.access_pmis_offeracceptance_archi,access_pmis_offeracceptance_archi,egp_procurement.model_pmis_offeracceptance,egp_procurement.pmis_archi,1,1,1,1
egp_procurement.access_pmis_offer_archi,access_pmis_offer_archi,egp_procurement.model_pmis_offer,egp_procurement.pmis_archi,1,1,1,1
egp_procurement.access_pmis_offersubmission_archi,access_pmis_offersubmission_archi,egp_procurement.model_pmis_offersubmission,egp_procurement.pmis_archi,1,1,1,1
id_pmis_vendor_agent_archi,name_pmis_vendor_agent_archi,egp_procurement.model_pmis_vendor_agent,egp_procurement.pmis_archi,1,1,1,1
egp_procurement.access_basic_evaluation_archi,access_basic_evaluation_archi,egp_procurement.model_basic_evaluation,egp_procurement.pmis_archi,1,1,1,1
egp_procurement.access_basic_evaluation_checkbox_archi,access_basic_evaluation_checkbox_archi,egp_procurement.model_basic_evaluation_checkbox,egp_procurement.pmis_archi,1,1,1,1
id_pmis_vendors_archi,name_pmis_vendors_archi,egp_procurement.model_pmis_vendors,egp_procurement.pmis_archi,1,1,1,1
egp_procurement.access_pmis_offer_submission_archi,access_pmis_offer_submission_archi,egp_procurement.model_pmis_offer_submission,egp_procurement.pmis_archi,1,1,1,1
id_pmis_procurement_category_archi,name_pmis_procurement_category_archi,egp_procurement.model_pmis_procurement_category,egp_procurement.pmis_archi,1,1,0,0
id_pmis_bank_archi,name_pmis_bank_archi,egp_procurement.model_pmis_bank,egp_procurement.pmis_archi,1,1,1,0
id_pmis_vendor_transactions_archi,name_pmis_vendor_transactions_archi,egp_procurement.model_pmis_vendor_transactions,egp_procurement.pmis_archi,1,1,1,0
id_pmis_vendor_experience_archi,name_pmis_vendor_experience_archi,egp_procurement.model_pmis_vendor_experience,egp_procurement.pmis_archi,1,1,1,0
id__pmis_vendor_assets_archi,name_pmis_vendor_assets_archi,egp_procurement.model_pmis_vendor_assets,egp_procurement.pmis_archi,1,1,1,0
egp_procurement.access_internal_preference_archi,access_internal_preference_archi,egp_procurement.model_internal_preference,egp_procurement.pmis_archi,1,1,1,1





id_pmis.construction.section_hpc,name_pmis_construction_section_hpc,egp_procurement.model_pmis_construction_section,egp_procurement.Head_of_Plan_and_Contract,1,1,1,1
id_pmis.conultative.hiring_hpc,name_pmis_conultative_hiring_hpc,egp_procurement.model_pmis_conultative_hiring,egp_procurement.Head_of_Plan_and_Contract,1,1,1,1
id_pmis_products_description_hpc,name_pmis_products_description_hpc,egp_procurement.model_pmis_products_description,egp_procurement.Head_of_Plan_and_Contract,1,1,1,1
egp_procurement.access_pmis_contractagreement_hpc,access_pmis_contractagreement_hpc,egp_procurement.model_pmis_contractagreement,egp_procurement.Head_of_Plan_and_Contract,1,1,1,1
id_pmis_plan_template_hpc,name_pmis_plan_template_hpc,egp_procurement.model_pmis_plan_template,egp_procurement.Head_of_Plan_and_Contract,1,0,0,0
id_pmis_project_plan_hpc,name_pmis_project_plan_hpc,egp_procurement.model_pmis_project_plan,egp_procurement.Head_of_Plan_and_Contract,1,0,0,0
id_pmis_procurement_category_hpc,name_pmis_procurement_category_hpc,egp_procurement.model_pmis_procurement_category,egp_procurement.Head_of_Plan_and_Contract,1,1,1,0
egp_procurement.access_pmis_contract_management_hpc,access_pmis_contract_management_hpc,egp_procurement.model_pmis_contract_management,egp_procurement.Head_of_Plan_and_Contract,1,1,1,1
egp_procurement.access_pmis_delivery_description_hpc,access_pmis_delivery_description_hpc,egp_procurement.model_pmis_delivery_description,egp_procurement.Head_of_Plan_and_Contract,1,1,1,1
egp_procurement.access_pmis_offers_evaluation_hpc,access_pmis_offers_evaluation_hpc,egp_procurement.model_pmis_offers_evaluation,egp_procurement.Head_of_Plan_and_Contract,1,0,0,0
egp_procurement.access_bidding_winner_hpc,access_bidding_winner_hpc,egp_procurement.model_bidding_winner,egp_procurement.Head_of_Plan_and_Contract,1,0,0,0
egp_procurement.access_pmis_delivery_description_hpc,access_pmis_delivery_description_hpc,egp_procurement.model_pmis_delivery_description,egp_procurement.Head_of_Plan_and_Contract,1,1,1,1
id_pmis_vendor_agent_hpc,name_pmis_vendor_agent_hpc,egp_procurement.model_pmis_vendor_agent,egp_procurement.Head_of_Plan_and_Contract,1,1,1,1
egp_procurement.access_bidding_winner_hpc,access_bidding_winner_hpc,egp_procurement.model_bidding_winner,egp_procurement.Head_of_Plan_and_Contract,1,0,0,0
egp_procurement.access_pmis_offers_evaluation_hpc,access_pmis_offers_evaluation_hpc,egp_procurement.model_pmis_offers_evaluation,egp_procurement.Head_of_Plan_and_Contract,1,0,0,0
egp_procurement.access_pmis_offers_details_hpc,access_pmis_offers_details_hpc,egp_procurement.model_pmis_offers_details,egp_procurement.Head_of_Plan_and_Contract,1,0,0,0
egp_procurement.access_pmis_offerghoshai_hpc,access_pmis_offerghoshai_hpc,egp_procurement.model_pmis_offerghoshai,egp_procurement.Head_of_Plan_and_Contract,1,0,0,0
egp_procurement.access_pmis_offer_submission_project_hpc,access_pmis_offer_submission_project_hpc,egp_procurement.model_pmis_offer_submission_project,egp_procurement.Head_of_Plan_and_Contract,1,0,0,0
egp_procurement.access_project_announcement_hpc,access_project_announcement_hpc,egp_procurement.model_project_announcement,egp_procurement.Head_of_Plan_and_Contract,1,0,0,0
id_pmis_project_plan_hpc,name_pmis_project_plan_hpc,egp_procurement.model_pmis_project_plan,egp_procurement.Head_of_Plan_and_Contract,1,0,0,0
id_pmis_projects_hpc,name_pmis_projects_hpc,egp_procurement.model_pmis_project,egp_procurement.Head_of_Plan_and_Contract,1,0,0,0
id_pmis_vendors_hpc,name_pmis_vendors_hpc,egp_procurement.model_pmis_vendors,egp_procurement.Head_of_Plan_and_Contract,1,1,1,1
id_pmis_documents_hpc,name_pmis_documents_hpc,egp_procurement.model_pmis_documents,egp_procurement.Head_of_Plan_and_Contract,1,1,1,1
id_pmis_document_type_hpc,name_pmis_document_type_hpc,egp_procurement.model_pmis_document_type,egp_procurement.Head_of_Plan_and_Contract,1,1,1,1
egp_procurement.access_pmis_offeracceptance_hpc,access_pmis_offeracceptance_hpc,egp_procurement.model_pmis_offeracceptance,egp_procurement.Head_of_Plan_and_Contract,1,0,0,0
egp_procurement.access_guaranteefor_bank_hpc,access_guaranteefor_bank_hpc,egp_procurement.model_guaranteefor_bank,egp_procurement.Head_of_Plan_and_Contract,1,0,0,0
egp_procurement.access_pmis_offer_submission_hpc,access_pmis_offer_submission_hpc,egp_procurement.model_pmis_offer_submission,egp_procurement.Head_of_Plan_and_Contract,1,0,0,0
egp_procurement.access_basic_evaluation_hpc,access_basic_evaluation_hpc,egp_procurement.model_basic_evaluation,egp_procurement.Head_of_Plan_and_Contract,1,0,0,0
egp_procurement.access_basic_evaluation_checkbox_hpc,access_basic_evaluation_checkbox_hpc,egp_procurement.model_basic_evaluation_checkbox,egp_procurement.Head_of_Plan_and_Contract,1,0,0,0
id_pmis_vendor_transactions_hpc,name_pmis_vendor_transactions_hpc,egp_procurement.model_pmis_vendor_transactions,egp_procurement.Head_of_Plan_and_Contract,1,0,0,0
id_pmis_vendor_experience_hpc,name_pmis_vendor_experience_hpc,egp_procurement.model_pmis_vendor_experience,egp_procurement.Head_of_Plan_and_Contract,1,0,0,0
id__pmis_vendor_assets_hpc,name_pmis_vendor_assets_hpc,egp_procurement.model_pmis_vendor_assets,egp_procurement.Head_of_Plan_and_Contract,1,0,0,0
egp_procurement.access_pmis_offersubmission_hpc,access_pmis_offersubmission_hpc,egp_procurement.model_pmis_offersubmission,egp_procurement.Head_of_Plan_and_Contract,1,0,0,0
egp_procurement.access_product_price_hpc,access_pmis_product_price_hpc,egp_procurement.model_pmis_products_price,egp_procurement.Head_of_Plan_and_Contract,1,0,0,0
egp_procurement.access_implied_services_hpc,access_implied_services_hpc,egp_procurement.model_implied_services,egp_procurement.Head_of_Plan_and_Contract,1,0,0,0
egp_procurement.access_production_permit_hpc,access_production_permit_hpc,egp_procurement.model_production_permit,egp_procurement.Head_of_Plan_and_Contract,1,0,0,0
egp_procurement.access_pmis_offer_submission_hpc,access_pmis_offer_submission_hpc,egp_procurement.model_pmis_offer_submission,egp_procurement.Head_of_Plan_and_Contract,1,0,0,0
egp_procurement.access_pmis_offer_hpc,access_pmis_offer_hpc,egp_procurement.model_pmis_offer,egp_procurement.Head_of_Plan_and_Contract,1,0,0,0
egp_procurement.access_standard_form_financial_evaluation_hpc,access_standard_form_financial_evaluation_hpc,egp_procurement.model_standard_form_financial_evaluation,egp_procurement.Head_of_Plan_and_Contract,1,0,0,0
egp_procurement.access_technical_evaluation_standard_form_hpc,access_technical_evaluation_standard_form_hpc,egp_procurement.model_technical_evaluation_standard_form,egp_procurement.Head_of_Plan_and_Contract,1,0,0,0
egp_procurement.access_exchange_currency_rate_hpc,access_exchange_currency_rate_hpc,egp_procurement.model_exchange_currency_rate,egp_procurement.Head_of_Plan_and_Contract,1,0,0,0
id_pmis_directorates_hpc,name_pmis_directorates_hpc,egp_procurement.model_pmis_directorates,egp_procurement.Head_of_Plan_and_Contract,1,1,1,1
id_pmis.construction.services_hpc,name_pmis_construction_services_hpc,egp_procurement.model_pmis_construction_services,egp_procurement.Head_of_Plan_and_Contract,1,1,0,1
egp_procurement.access_pmis_payment_hpc,access_pmis_payment_hpc,egp_procurement.model_pmis_payment,egp_procurement.Head_of_Plan_and_Contract,1,1,1,1
egp_procurement.access_pmis_vendors_block_hpc,access_pmis_vendors_block_hpc,egp_procurement.model_pmis_vendors_block,egp_procurement.Head_of_Plan_and_Contract,1,1,1,1
egp_procurement.access_project_consultative_announcement_hpc,access_project_consultative_announcement_hpc,egp_procurement.model_project_consultative_announcement,egp_procurement.Head_of_Plan_and_Contract,1,0,0,0
egp_procurement.access_pmis_job_announcement_hpc,access_pmis_job_announcement_hpc,egp_procurement.model_pmis_job_announcement,egp_procurement.Head_of_Plan_and_Contract,1,0,0,0
egp_procurement.access_pmis_first_shortlist_hpc,access_pmis_first_shortlist_hpc,egp_procurement.model_pmis_first_shortlist,egp_procurement.Head_of_Plan_and_Contract,1,0,0,0
egp_procurement.access_pmis_candidate_proposal_hpc,access_pmis_candidate_proposal_hpc,egp_procurement.model_pmis_candidate_proposal,egp_procurement.Head_of_Plan_and_Contract,1,0,0,0
egp_procurement.access_pmis_consultative_offerghoshai_project_hpc,access_pmis_consultative_offerghoshai_project_hpc,egp_procurement.model_pmis_consultative_offerghoshai_project,egp_procurement.Head_of_Plan_and_Contract,1,0,0,0
egp_procurement.access_pmis_consult_evaluation_project_hpc,access_pmis_consult_evaluation_project_hpc,egp_procurement.model_pmis_consult_evaluation_project,egp_procurement.Head_of_Plan_and_Contract,1,0,0,0
egp_procurement.access_pmis_consult_interview_project_hpc,access_pmis_consult_interview_project_hpc,egp_procurement.model_pmis_consult_interview_project,egp_procurement.Head_of_Plan_and_Contract,1,0,0,0
egp_procurement.access_pmis_winners_candidates_project_hpc,access_pmis_winners_candidates_project_hpc,egp_procurement.model_pmis_winners_candidates_project,egp_procurement.Head_of_Plan_and_Contract,1,0,0,0




id_pmis_project_plan_ca,name_pmis_project_plan_ca,egp_procurement.model_pmis_project_plan,egp_procurement.pmis_plan_archi_expert,1,1,1,0
egp_procurement.access_pmis_contractagreement_ca,access_pmis_contractagreement_ca,egp_procurement.model_pmis_contractagreement,egp_procurement.pmis_plan_archi_expert,1,1,1,1
egp_procurement.access_pmis_contract_management_ca,access_pmis_contract_management_ca,egp_procurement.model_pmis_contract_management,egp_procurement.pmis_plan_archi_expert,1,1,1,0
egp_procurement.access_pmis_delivery_description_ca,access_pmis_delivery_description_ca,egp_procurement.model_pmis_delivery_description,egp_procurement.pmis_plan_archi_expert,1,1,1,0
id_pmis_projects_ca,name_pmis_projects_ca,egp_procurement.model_pmis_project,egp_procurement.pmis_plan_archi_expert,1,1,0,0
egp_procurement.access_bidding_winner_ca,access_bidding_winner_ca,egp_procurement.model_bidding_winner,egp_procurement.pmis_plan_archi_expert,1,1,1,0
egp_procurement.access_guaranteefor_bank_ca,access_guaranteefor_bank_ca,egp_procurement.model_guaranteefor_bank,egp_procurement.pmis_plan_archi_expert,1,1,1,0
egp_procurement.access_pmis_offers_evaluation_ca,access_pmis_offers_evaluation_ca,egp_procurement.model_pmis_offers_evaluation,egp_procurement.pmis_plan_archi_expert,1,1,1,0
egp_procurement.access_pmis_offers_details_ca,access_pmis_offers_details_ca,egp_procurement.model_pmis_offers_details,egp_procurement.pmis_plan_archi_expert,1,1,1,0
egp_procurement.access_pmis_offerghoshai_ca,access_pmis_offerghoshai_ca,egp_procurement.model_pmis_offerghoshai,egp_procurement.pmis_plan_archi_expert,1,1,1,0
egp_procurement.access_pmis_offer_submission_project_ca,access_pmis_offer_submission_project_ca,egp_procurement.model_pmis_offer_submission_project,egp_procurement.pmis_plan_archi_expert,1,1,1,0
egp_procurement.access_project_announcement_ca,access_project_announcement_ca,egp_procurement.model_project_announcement,egp_procurement.pmis_plan_archi_expert,1,1,1,0
id_pmis_documents_ca,name_pmis_documents_ca,egp_procurement.model_pmis_documents,egp_procurement.pmis_plan_archi_expert,1,1,1,1
id_pmis_vendor_agent_ca,name_pmis_vendor_agent_ca,egp_procurement.model_pmis_vendor_agent,egp_procurement.pmis_plan_archi_expert,1,1,1,0
egp_procurement.access_pmis_invoice_ca,access_pmis_invoice_ca,egp_procurement.model_pmis_invoice,egp_procurement.pmis_plan_archi_expert,1,1,1,0
egp_procurement.access_pmis_m_seven_ca,access_pmis_m_seven_ca,egp_procurement.model_pmis_m_seven,egp_procurement.pmis_plan_archi_expert,1,1,1,0
egp_procurement.access_delivery_product_ca,access_delivery_product_ca,egp_procurement.model_delivery_product,egp_procurement.pmis_plan_archi_expert,1,1,0,0
id_pmis_document_type_ca,name_pmis_document_type_ca,egp_procurement.model_pmis_document_type,egp_procurement.pmis_plan_archi_expert,1,1,1,1
id_pmis_directorates_ca,name_pmis_directorates_ca,egp_procurement.model_pmis_directorates,egp_procurement.pmis_plan_archi_expert,1,1,1,1
id_pmis_products_description_ca,name_pmis_products_description_ca,egp_procurement.model_pmis_products_description,egp_procurement.pmis_plan_archi_expert,1,0,0,0
id_pmis_products_ca,access_pmis_products_ca,egp_procurement.model_pmis_products,egp_procurement.pmis_plan_archi_expert,1,0,0,0
id_pmis.construction.section_ca,name_pmis_construction_section_ca,egp_procurement.model_pmis_construction_section,egp_procurement.pmis_plan_archi_expert,1,1,1,1
egp_procurement.access_pmis_payment_ca,access_pmis_payment_ca,egp_procurement.model_pmis_payment,egp_procurement.pmis_plan_archi_expert,1,1,1,0








id_pmis_project_plan_cp,name_pmis_project_plan_cp,egp_procurement.model_pmis_project_plan,egp_procurement.pmis_Plan_product_expert,1,1,1,0
egp_procurement.access_pmis_contractagreement_cp,access_pmis_contractagreement_cp,egp_procurement.model_pmis_contractagreement,egp_procurement.pmis_Plan_product_expert,1,1,1,1
egp_procurement.access_pmis_contract_management_cp,access_pmis_contract_management_cp,egp_procurement.model_pmis_contract_management,egp_procurement.pmis_Plan_product_expert,1,1,1,0
egp_procurement.access_pmis_delivery_description_cp,access_pmis_delivery_description_cp,egp_procurement.model_pmis_delivery_description,egp_procurement.pmis_Plan_product_expert,1,1,1,0
id_pmis_projects_cp,name_pmis_projects_cp,egp_procurement.model_pmis_project,egp_procurement.pmis_Plan_product_expert,1,1,0,0
egp_procurement.access_bidding_winner_cp,access_bidding_winner_cp,egp_procurement.model_bidding_winner,egp_procurement.pmis_Plan_product_expert,1,1,1,0
egp_procurement.access_pmis_offers_evaluation_cp,access_pmis_offers_evaluation_cp,egp_procurement.model_pmis_offers_evaluation,egp_procurement.pmis_Plan_product_expert,1,1,1,0
egp_procurement.access_pmis_offers_details_cp,access_pmis_offers_details_cp,egp_procurement.model_pmis_offers_details,egp_procurement.pmis_Plan_product_expert,1,1,1,0
egp_procurement.access_pmis_offerghoshai_cp,access_pmis_offerghoshai_cp,egp_procurement.model_pmis_offerghoshai,egp_procurement.pmis_Plan_product_expert,1,1,1,0
egp_procurement.access_pmis_offer_submission_project_cp,access_pmis_offer_submission_project_cp,egp_procurement.model_pmis_offer_submission_project,egp_procurement.pmis_Plan_product_expert,1,1,1,0
egp_procurement.access_project_announcement_cp,access_project_announcement_cp,egp_procurement.model_project_announcement,egp_procurement.pmis_Plan_product_expert,1,1,1,0
id_pmis_documents_cp,name_pmis_documents_cp,egp_procurement.model_pmis_documents,egp_procurement.pmis_Plan_product_expert,1,1,1,1
id_pmis_vendor_agent_cp,name_pmis_vendor_agent_cp,egp_procurement.model_pmis_vendor_agent,egp_procurement.pmis_Plan_product_expert,1,1,1,1
egp_procurement.access_pmis_invoice_cp,access_pmis_invoice_cp,egp_procurement.model_pmis_invoice,egp_procurement.pmis_Plan_product_expert,1,1,1,0
egp_procurement.access_pmis_m_seven_cp,access_pmis_m_seven_cp,egp_procurement.model_pmis_m_seven,egp_procurement.pmis_Plan_product_expert,1,1,1,0
egp_procurement.access_delivery_product_cp,access_delivery_product_cp,egp_procurement.model_delivery_product,egp_procurement.pmis_Plan_product_expert,1,0,0,0
id_pmis_document_type_cp,name_pmis_document_type_cp,egp_procurement.model_pmis_document_type,egp_procurement.pmis_Plan_product_expert,1,1,1,0
id_pmis_directorates_cp,name_pmis_directorates_cp,egp_procurement.model_pmis_directorates,egp_procurement.pmis_Plan_product_expert,1,1,1,1
id_pmis_products_description_cp,name_pmis_products_description_cp,egp_procurement.model_pmis_products_description,egp_procurement.pmis_Plan_product_expert,1,0,0,0
id_pmis_products_cp,access_pmis_products_cp,egp_procurement.model_pmis_products,egp_procurement.pmis_Plan_product_expert,1,0,0,0
id_pmis.construction.section_cp,name_pmis_construction_section_cp,egp_procurement.model_pmis_construction_section,egp_procurement.pmis_Plan_product_expert,1,1,1,1
egp_procurement.access_pmis_payment_cp,access_pmis_payment_cp,egp_procurement.model_pmis_payment,egp_procurement.pmis_Plan_product_expert,1,1,1,0







id_pmis_project_plan_cpe,name_pmis_project_plan_cpe,egp_procurement.model_pmis_project_plan,egp_procurement.pmis_plan_consltative_expert,1,1,1,0
egp_procurement.access_pmis_contractagreement_cpe,access_pmis_contractagreement_cpe,egp_procurement.model_pmis_contractagreement,egp_procurement.pmis_plan_consltative_expert,1,1,1,1
egp_procurement.access_pmis_contract_management_cpe,access_pmis_contract_management_cpe,egp_procurement.model_pmis_contract_management,egp_procurement.pmis_plan_consltative_expert,1,1,1,1
egp_procurement.access_pmis_delivery_description_cpe,access_pmis_delivery_description_cpe,egp_procurement.model_pmis_delivery_description,egp_procurement.pmis_plan_consltative_expert,1,1,1,1
id_pmis_projects_cpe,name_pmis_projects_cpe,egp_procurement.model_pmis_project,egp_procurement.pmis_plan_consltative_expert,1,1,1,1



